word,idx
br,1
movie,2
film,3
one,4
like,5
good,6
would,7
even,8
time,9
story,10
really,11
see,12
much,13
well,14
could,15
get,16
people,17
also,18
bad,19
great,20
first,21
made,22
way,23
make,24
movies,25
think,26
characters,27
character,28
watch,29
films,30
two,31
many,32
seen,33
never,34
little,35
acting,36
plot,37
best,38
love,39
life,40
show,41
know,42
ever,43
better,44
man,45
still,46
end,47
say,48
scene,49
scenes,50
go,51
something,52
back,53
watching,54
real,55
though,56
thing,57
years,58
actors,59
another,60
nothing,61
new,62
actually,63
work,64
funny,65
makes,66
find,67
director,68
look,69
old,70
going,71
us,72
lot,73
every,74
part,75
cast,76
quite,77
got,78
world,79
want,80
things,81
pretty,82
young,83
seems,84
around,85
ca,86
fact,87
however,88
take,89
enough,90
may,91
give,92
original,93
horror,94
big,95
thought,96
series,97
without,98
right,99
always,100
long,101
gets,102
times,103
come,104
saw,105
family,106
role,107
point,108
almost,109
must,110
interesting,111
least,112
action,113
comedy,114
whole,115
bit,116
done,117
music,118
script,119
guy,120
anything,121
minutes,122
might,123
last,124
since,125
performance,126
far,127
feel,128
probably,129
woman,130
kind,131
rather,132
away,133
girl,134
yet,135
worst,136
sure,137
tv,138
anyone,139
fun,140
making,141
found,142
played,143
day,144
although,145
believe,146
course,147
comes,148
trying,149
especially,150
goes,151
hard,152
looks,153
different,154
place,155
put,156
book,157
someone,158
money,159
ending,160
reason,161
sense,162
actor,163
shows,164
maybe,165
everything,166
let,167
set,168
true,169
screen,170
dvd,171
worth,172
main,173
looking,174
job,175
watched,176
plays,177
together,178
everyone,179
three,180
said,181
john,182
audience,183
seem,184
later,185
play,186
instead,187
takes,188
beautiful,189
effects,190
version,191
left,192
seeing,193
night,194
special,195
house,196
wife,197
excellent,198
american,199
idea,200
father,201
else,202
shot,203
nice,204
simply,205
year,206
read,207
high,208
less,209
black,210
help,211
war,212
completely,213
second,214
fan,215
poor,216
star,217
death,218
men,219
used,220
hollywood,221
given,222
mind,223
either,224
try,225
kids,226
need,227
home,228
performances,229
enjoy,230
rest,231
short,232
women,233
classic,234
use,235
boring,236
wrong,237
along,238
friends,239
truly,240
dead,241
half,242
production,243
line,244
tell,245
couple,246
remember,247
next,248
start,249
came,250
recommend,251
perhaps,252
stupid,253
wonderful,254
moments,255
awful,256
understand,257
episode,258
mean,259
full,260
camera,261
terrible,262
getting,263
playing,264
stars,265
keep,266
often,267
others,268
small,269
sex,270
gives,271
definitely,272
video,273
person,274
school,275
early,276
perfect,277
face,278
name,279
become,280
human,281
finally,282
lines,283
felt,284
dialogue,285
case,286
supposed,287
piece,288
liked,289
lost,290
top,291
children,292
yes,293
absolutely,294
head,295
title,296
written,297
budget,298
live,299
mother,300
entire,301
went,302
picture,303
certainly,304
waste,305
cinema,306
sort,307
boy,308
style,309
worse,310
hope,311
problem,312
overall,313
entertaining,314
evil,315
several,316
loved,317
killer,318
friend,319
beginning,320
fans,321
mr,322
becomes,323
lives,324
care,325
already,326
white,327
example,328
seemed,329
throughout,330
direction,331
based,332
despite,333
wanted,334
dark,335
unfortunately,336
oh,337
final,338
turn,339
fine,340
history,341
laugh,342
drama,343
amazing,344
totally,345
michael,346
guess,347
humor,348
lead,349
wants,350
sound,351
son,352
guys,353
writing,354
works,355
tries,356
low,357
called,358
past,359
viewer,360
quality,361
behind,362
turns,363
enjoyed,364
days,365
able,366
game,367
child,368
today,369
favorite,370
act,371
town,372
starts,373
gave,374
kill,375
flick,376
wo,377
eyes,378
sometimes,379
side,380
horrible,381
car,382
girls,383
soon,384
genre,385
actress,386
parts,387
heart,388
expect,389
brilliant,390
kid,391
art,392
stuff,393
stories,394
city,395
obviously,396
thinking,397
directed,398
late,399
feeling,400
decent,401
etc,402
run,403
highly,404
close,405
blood,406
fight,407
hand,408
says,409
god,410
except,411
heard,412
moment,413
matter,414
took,415
killed,416
roles,417
daughter,418
leave,419
anyway,420
happens,421
hour,422
police,423
strong,424
happened,425
extremely,426
involved,427
james,428
brother,429
chance,430
particularly,431
obvious,432
lack,433
violence,434
experience,435
attempt,436
told,437
living,438
alone,439
happen,440
wonder,441
including,442
age,443
complete,444
ago,445
group,446
murder,447
voice,448
please,449
david,450
coming,451
save,452
interest,453
type,454
score,455
looked,456
none,457
ok,458
simple,459
number,460
exactly,461
shown,462
possible,463
crap,464
hell,465
slow,466
whose,467
career,468
annoying,469
taken,470
husband,471
song,472
usually,473
serious,474
sad,475
king,476
ends,477
cinematography,478
hours,479
seriously,480
across,481
stop,482
released,483
gore,484
running,485
scary,486
musical,487
usual,488
somewhat,489
hero,490
known,491
hit,492
relationship,493
opening,494
started,495
hilarious,496
ridiculous,497
wish,498
finds,499
reality,500
novel,501
change,502
order,503
jokes,504
huge,505
opinion,506
robert,507
saying,508
ones,509
shots,510
cool,511
episodes,512
body,513
english,514
cut,515
mostly,516
taking,517
female,518
talking,519
major,520
power,521
strange,522
level,523
view,524
call,525
apparently,526
disappointed,527
talent,528
room,529
due,530
documentary,531
important,532
basically,533
happy,534
events,535
clearly,536
country,537
knows,538
knew,539
supporting,540
jack,541
songs,542
attention,543
turned,544
rating,545
easily,546
british,547
paul,548
tells,549
problems,550
television,551
future,552
word,553
local,554
single,555
silly,556
words,557
bring,558
four,559
earth,560
sequence,561
light,562
cheap,563
beyond,564
entertainment,565
modern,566
whether,567
miss,568
falls,569
george,570
sets,571
similar,572
five,573
richard,574
review,575
predictable,576
needs,577
writer,578
lady,579
appears,580
upon,581
enjoyable,582
giving,583
romantic,584
comic,585
talk,586
within,587
storyline,588
theater,589
message,590
rock,591
animation,592
mention,593
bunch,594
feels,595
nearly,596
add,597
sequel,598
points,599
moving,600
york,601
surprised,602
dull,603
theme,604
ways,605
lee,606
begins,607
lots,608
actual,609
mystery,610
using,611
ten,612
middle,613
team,614
effort,615
named,616
fantastic,617
sister,618
viewers,619
among,620
thriller,621
elements,622
easy,623
comments,624
showing,625
stay,626
clear,627
typical,628
release,629
tom,630
peter,631
tried,632
avoid,633
certain,634
dialog,635
season,636
tale,637
soundtrack,638
fall,639
general,640
famous,641
french,642
near,643
means,644
hate,645
oscar,646
sorry,647
somehow,648
editing,649
material,650
form,651
parents,652
doubt,653
working,654
buy,655
straight,656
class,657
kept,658
check,659
leads,660
greatest,661
filmed,662
figure,663
red,664
weak,665
viewing,666
period,667
brought,668
gone,669
feature,670
disney,671
imagine,672
eye,673
hear,674
particular,675
realistic,676
atmosphere,677
fast,678
learn,679
follow,680
move,681
lame,682
eventually,683
sequences,684
america,685
reviews,686
forget,687
indeed,688
deal,689
die,690
premise,691
dance,692
space,693
nature,694
decided,695
believable,696
crime,697
possibly,698
third,699
surprise,700
expected,701
wait,702
whatever,703
subject,704
became,705
suspense,706
japanese,707
difficult,708
okay,709
stand,710
b,711
sit,712
sexual,713
truth,714
poorly,715
zombie,716
de,717
average,718
screenplay,719
leaves,720
rent,721
joe,722
needed,723
stage,724
reading,725
killing,726
begin,727
romance,728
question,729
note,730
situation,731
meets,732
society,733
shame,734
baby,735
superb,736
meet,737
memorable,738
street,739
dr,740
otherwise,741
earlier,742
forced,743
directors,744
credits,745
imdb,746
minute,747
unless,748
dog,749
emotional,750
realize,751
weird,752
older,753
footage,754
filmmakers,755
interested,756
jane,757
write,758
beauty,759
badly,760
comment,761
keeps,762
laughs,763
ask,764
features,765
dramatic,766
towards,767
sounds,768
development,769
mess,770
crazy,771
quickly,772
mark,773
perfectly,774
result,775
writers,776
previous,777
brings,778
hot,779
total,780
worked,781
directing,782
male,783
unique,784
plenty,785
effect,786
creepy,787
personal,788
plus,789
free,790
incredibly,791
hands,792
apart,793
cheesy,794
admit,795
deep,796
setting,797
bill,798
appear,799
monster,800
return,801
leading,802
dream,803
casting,804
hardly,805
open,806
meant,807
background,808
ben,809
remake,810
potential,811
christmas,812
powerful,813
various,814
boys,815
create,816
forward,817
doctor,818
fails,819
business,820
battle,821
joke,822
portrayed,823
masterpiece,824
scifi,825
inside,826
fire,827
outside,828
reasons,829
william,830
missing,831
deserves,832
ideas,833
dumb,834
expecting,835
fantasy,836
match,837
fairly,838
air,839
present,840
villain,841
la,842
attempts,843
manages,844
twist,845
secret,846
fighting,847
girlfriend,848
unlike,849
gay,850
political,851
success,852
pay,853
recently,854
break,855
front,856
nudity,857
scott,858
rich,859
spoilers,860
box,861
acted,862
married,863
copy,864
telling,865
agree,866
western,867
era,868
talented,869
sadly,870
following,871
cop,872
plain,873
cute,874
crew,875
missed,876
public,877
pure,878
incredible,879
wasted,880
caught,881
odd,882
brothers,883
flat,884
mentioned,885
decides,886
large,887
considering,888
ended,889
pace,890
social,891
members,892
waiting,893
uses,894
hold,895
mary,896
neither,897
popular,898
slightly,899
sees,900
list,901
office,902
wrote,903
sweet,904
compared,905
suddenly,906
spent,907
revenge,908
tension,909
convincing,910
entirely,911
rate,912
created,913
party,914
spirit,915
escape,916
clever,917
cartoon,918
moves,919
kills,920
intelligent,921
credit,922
choice,923
bored,924
familiar,925
island,926
laughing,927
tony,928
fear,929
ultimately,930
visual,931
successful,932
band,933
water,934
trouble,935
value,936
basic,937
biggest,938
gun,939
consider,940
positive,941
recent,942
cat,943
concept,944
portrayal,945
effective,946
died,947
company,948
cover,949
cold,950
state,951
produced,952
spend,953
singing,954
dancing,955
violent,956
zombies,957
appreciate,958
former,959
studio,960
science,961
amusing,962
speak,963
exciting,964
filled,965
language,966
younger,967
common,968
bizarre,969
solid,970
follows,971
pointless,972
walk,973
animated,974
planet,975
amount,976
focus,977
books,978
impressive,979
italian,980
german,981
store,982
adult,983
showed,984
impossible,985
century,986
fit,987
runs,988
tone,989
van,990
depth,991
recommended,992
situations,993
chemistry,994
conclusion,995
considered,996
decide,997
project,998
respect,999
force,1000
